aalen, ich aal(e)⁵ mich, du aalst dich, er aalt sich, wir aalen uns, ihr aalt euch, sie aalen sich, ich aalte mich, du aaltest dich, er aalte sich, wir aalten uns, ihr aaltet euch, sie aalten sich, ich habe mich geaalt, du hast dich geaalt, er hat sich geaalt, wir haben uns geaalt, ihr habt euch geaalt, sie haben sich geaalt, ich hatte mich geaalt, du hattest dich geaalt, er hatte sich geaalt, wir hatten uns geaalt, ihr hattet euch geaalt, sie hatten sich geaalt, ich werde mich aalen, du wirst dich aalen, er wird sich aalen, wir werden uns aalen, ihr werdet euch aalen, sie werden sich aalen, ich werde mich geaalt haben, du wirst dich geaalt haben, er wird sich geaalt haben, wir werden uns geaalt haben, ihr werdet euch geaalt haben, sie werden sich geaalt haben
aasen, ich aas(e)⁵, du aast, er aast, wir aasen, ihr aast, sie aasen, ich aaste, du aastest, er aaste, wir aasten, ihr aastet, sie aasten, ich habe geaast, du hast geaast, er hat geaast, wir haben geaast, ihr habt geaast, sie haben geaast, ich hatte geaast, du hattest geaast, er hatte geaast, wir hatten geaast, ihr hattet geaast, sie hatten geaast, ich werde aasen, du wirst aasen, er wird aasen, wir werden aasen, ihr werdet aasen, sie werden aasen, ich werde geaast haben, du wirst geaast haben, er wird geaast haben, wir werden geaast haben, ihr werdet geaast haben, sie werden geaast haben
abändern, ich änd(e)⁴r(e)⁵ ab, du änderst ab, er ändert ab, wir ändern ab, ihr ändert ab, sie ändern ab, ich änderte ab, du ändertest ab, er änderte ab, wir änderten ab, ihr ändertet ab, sie änderten ab, ich habe abgeändert, du hast abgeändert, er hat abgeändert, wir haben abgeändert, ihr habt abgeändert, sie haben abgeändert, ich hatte abgeändert, du hattest abgeändert, er hatte abgeändert, wir hatten abgeändert, ihr hattet abgeändert, sie hatten abgeändert, ich werde abändern, du wirst abändern, er wird abändern, wir werden abändern, ihr werdet abändern, sie werden abändern, ich werde abgeändert haben, du wirst abgeändert haben, er wird abgeändert haben, wir werden abgeändert haben, ihr werdet abgeändert haben, sie werden abgeändert haben
abängstigen, ich ängstige mich ab, du ängstigst dich ab, er ängstigt sich ab, wir ängstigen uns ab, ihr ängstigt euch ab, sie ängstigen sich ab, ich ängstigte mich ab, du ängstigtest dich ab, er ängstigte sich ab, wir ängstigten uns ab, ihr ängstigtet euch ab, sie ängstigten sich ab, ich habe mich abgeängstigt, du hast dich abgeängstigt, er hat sich abgeängstigt, wir haben uns abgeängstigt, ihr habt euch abgeängstigt, sie haben sich abgeängstigt, ich hatte mich abgeängstigt, du hattest dich abgeängstigt, er hatte sich abgeängstigt, wir hatten uns abgeängstigt, ihr hattet euch abgeängstigt, sie hatten sich abgeängstigt, ich werde mich abängstigen, du wirst dich abängstigen, er wird sich abängstigen, wir werden uns abängstigen, ihr werdet euch abängstigen, sie werden sich abängstigen, ich werde mich abgeängstigt haben, du wirst dich abgeängstigt haben, er wird sich abgeängstigt haben, wir werden uns abgeängstigt haben, ihr werdet euch abgeängstigt haben, sie werden sich abgeängstigt haben
abarbeiten, ich arbeit(e)⁵ ab, du arbeitest ab, er arbeitet ab, wir arbeiten ab, ihr arbeitet ab, sie arbeiten ab, ich arbeitete ab, du arbeitetest ab, er arbeitete ab, wir arbeiteten ab, ihr arbeitetet ab, sie arbeiteten ab, ich habe abgearbeitet, du hast abgearbeitet, er hat abgearbeitet, wir haben abgearbeitet, ihr habt abgearbeitet, sie haben abgearbeitet, ich hatte abgearbeitet, du hattest abgearbeitet, er hatte abgearbeitet, wir hatten abgearbeitet, ihr hattet abgearbeitet, sie hatten abgearbeitet, ich werde abarbeiten, du wirst abarbeiten, er wird abarbeiten, wir werden abarbeiten, ihr werdet abarbeiten, sie werden abarbeiten, ich werde abgearbeitet haben, du wirst abgearbeitet haben, er wird abgearbeitet haben, wir werden abgearbeitet haben, ihr werdet abgearbeitet haben, sie werden abgearbeitet haben
abäsen, ich äs(e)⁵ ab, du äst ab, es äst ab, wir äsen ab, ihr äst ab, sie äsen ab, ich äste ab, du ästest ab, es äste ab, wir ästen ab, ihr ästet ab, sie ästen ab, ich habe abgeäst, du hast abgeäst, es hat abgeäst, wir haben abgeäst, ihr habt abgeäst, sie haben abgeäst, ich hatte abgeäst, du hattest abgeäst, es hatte abgeäst, wir hatten abgeäst, ihr hattet abgeäst, sie hatten abgeäst, ich werde abäsen, du wirst abäsen, es wird abäsen, wir werden abäsen, ihr werdet abäsen, sie werden abäsen, ich werde abgeäst haben, du wirst abgeäst haben, es wird abgeäst haben, wir werden abgeäst haben, ihr werdet abgeäst haben, sie werden abgeäst haben
abasten, ich ast(e)⁵ mir/mich³ ab, du astest dir/dich³ ab, er astet sich ab, wir asten uns ab, ihr astet euch ab, sie asten sich ab, ich astete mir/mich³ ab, du astetest dir/dich³ ab, er astete sich ab, wir asteten uns ab, ihr astetet euch ab, sie asteten sich ab, ich habe mir/mich³ abgeastet, du hast dir/dich³ abgeastet, er hat sich abgeastet, wir haben uns abgeastet, ihr habt euch abgeastet, sie haben sich abgeastet, ich hatte mir/mich³ abgeastet, du hattest dir/dich³ abgeastet, er hatte sich abgeastet, wir hatten uns abgeastet, ihr hattet euch abgeastet, sie hatten sich abgeastet, ich werde mir/mich³ abasten, du wirst dir/dich³ abasten, er wird sich abasten, wir werden uns abasten, ihr werdet euch abasten, sie werden sich abasten, ich werde mir/mich³ abgeastet haben, du wirst dir/dich³ abgeastet haben, er wird sich abgeastet haben, wir werden uns abgeastet haben, ihr werdet euch abgeastet haben, sie werden sich abgeastet haben
abästen, ich äst(e)⁵ ab, du ästest ab, er ästet ab, wir ästen ab, ihr ästet ab, sie ästen ab, ich ästete ab, du ästetest ab, er ästete ab, wir ästeten ab, ihr ästetet ab, sie ästeten ab, ich habe abgeästet, du hast abgeästet, er hat abgeästet, wir haben abgeästet, ihr habt abgeästet, sie haben abgeästet, ich hatte abgeästet, du hattest abgeästet, er hatte abgeästet, wir hatten abgeästet, ihr hattet abgeästet, sie hatten abgeästet, ich werde abästen, du wirst abästen, er wird abästen, wir werden abästen, ihr werdet abästen, sie werden abästen, ich werde abgeästet haben, du wirst abgeästet haben, er wird abgeästet haben, wir werden abgeästet haben, ihr werdet abgeästet haben, sie werden abgeästet haben
abatmen, ich atme ab, du atmest ab, er atmet ab, wir atmen ab, ihr atmet ab, sie atmen ab, ich atmete ab, du atmetest ab, er atmete ab, wir atmeten ab, ihr atmetet ab, sie atmeten ab, ich habe abgeatmet, du hast abgeatmet, er hat abgeatmet, wir haben abgeatmet, ihr habt abgeatmet, sie haben abgeatmet, ich hatte abgeatmet, du hattest abgeatmet, er hatte abgeatmet, wir hatten abgeatmet, ihr hattet abgeatmet, sie hatten abgeatmet, ich werde abatmen, du wirst abatmen, er wird abatmen, wir werden abatmen, ihr werdet abatmen, sie werden abatmen, ich werde abgeatmet haben, du wirst abgeatmet haben, er wird abgeatmet haben, wir werden abgeatmet haben, ihr werdet abgeatmet haben, sie werden abgeatmet haben
abätzen, ich ätz(e)⁵ ab, du ätzt ab, er ätzt ab, wir ätzen ab, ihr ätzt ab, sie ätzen ab, ich ätzte ab, du ätztest ab, er ätzte ab, wir ätzten ab, ihr ätztet ab, sie ätzten ab, ich habe abgeätzt, du hast abgeätzt, er hat abgeätzt, wir haben abgeätzt, ihr habt abgeätzt, sie haben abgeätzt, ich hatte abgeätzt, du hattest abgeätzt, er hatte abgeätzt, wir hatten abgeätzt, ihr hattet abgeätzt, sie hatten abgeätzt, ich werde abätzen, du wirst abätzen, er wird abätzen, wir werden abätzen, ihr werdet abätzen, sie werden abätzen, ich werde abgeätzt haben, du wirst abgeätzt haben, er wird abgeätzt haben, wir werden abgeätzt haben, ihr werdet abgeätzt haben, sie werden abgeätzt haben
abbacken, ich back(e)⁵ ab, du backst ab, er backt ab, wir backen ab, ihr backt ab, sie backen ab, ich backte ab, du backtest ab, er backte ab, wir backten ab, ihr backtet ab, sie backten ab, ich habe abgebacken, du hast abgebacken, er hat abgebacken, wir haben abgebacken, ihr habt abgebacken, sie haben abgebacken, ich hatte abgebacken, du hattest abgebacken, er hatte abgebacken, wir hatten abgebacken, ihr hattet abgebacken, sie hatten abgebacken, ich werde abbacken, du wirst abbacken, er wird abbacken, wir werden abbacken, ihr werdet abbacken, sie werden abbacken, ich werde abgebacken haben, du wirst abgebacken haben, er wird abgebacken haben, wir werden abgebacken haben, ihr werdet abgebacken haben, sie werden abgebacken haben
abbaggern, ich bagg(e)⁴r(e)⁵ ab, du baggerst ab, er baggert ab, wir baggern ab, ihr baggert ab, sie baggern ab, ich baggerte ab, du baggertest ab, er baggerte ab, wir baggerten ab, ihr baggertet ab, sie baggerten ab, ich habe abgebaggert, du hast abgebaggert, er hat abgebaggert, wir haben abgebaggert, ihr habt abgebaggert, sie haben abgebaggert, ich hatte abgebaggert, du hattest abgebaggert, er hatte abgebaggert, wir hatten abgebaggert, ihr hattet abgebaggert, sie hatten abgebaggert, ich werde abbaggern, du wirst abbaggern, er wird abbaggern, wir werden abbaggern, ihr werdet abbaggern, sie werden abbaggern, ich werde abgebaggert haben, du wirst abgebaggert haben, er wird abgebaggert haben, wir werden abgebaggert haben, ihr werdet abgebaggert haben, sie werden abgebaggert haben
abbalgen, ich balg(e)⁵ ab, du balgst ab, er balgt ab, wir balgen ab, ihr balgt ab, sie balgen ab, ich balgte ab, du balgtest ab, er balgte ab, wir balgten ab, ihr balgtet ab, sie balgten ab, ich habe abgebalgt, du hast abgebalgt, er hat abgebalgt, wir haben abgebalgt, ihr habt abgebalgt, sie haben abgebalgt, ich hatte abgebalgt, du hattest abgebalgt, er hatte abgebalgt, wir hatten abgebalgt, ihr hattet abgebalgt, sie hatten abgebalgt, ich werde abbalgen, du wirst abbalgen, er wird abbalgen, wir werden abbalgen, ihr werdet abbalgen, sie werden abbalgen, ich werde abgebalgt haben, du wirst abgebalgt haben, er wird abgebalgt haben, wir werden abgebalgt haben, ihr werdet abgebalgt haben, sie werden abgebalgt haben
abballern, ich ball(e)⁴r(e)⁵ ab, du ballerst ab, er ballert ab, wir ballern ab, ihr ballert ab, sie ballern ab, ich ballerte ab, du ballertest ab, er ballerte ab, wir ballerten ab, ihr ballertet ab, sie ballerten ab, ich habe abgeballert, du hast abgeballert, er hat abgeballert, wir haben abgeballert, ihr habt abgeballert, sie haben abgeballert, ich hatte abgeballert, du hattest abgeballert, er hatte abgeballert, wir hatten abgeballert, ihr hattet abgeballert, sie hatten abgeballert, ich werde abballern, du wirst abballern, er wird abballern, wir werden abballern, ihr werdet abballern, sie werden abballern, ich werde abgeballert haben, du wirst abgeballert haben, er wird abgeballert haben, wir werden abgeballert haben, ihr werdet abgeballert haben, sie werden abgeballert haben
abbalzen, ich balz(e)⁵ ab, du balzt ab, er balzt ab, wir balzen ab, ihr balzt ab, sie balzen ab, ich balzte ab, du balztest ab, er balzte ab, wir balzten ab, ihr balztet ab, sie balzten ab, ich habe abgebalzt, du hast abgebalzt, er hat abgebalzt, wir haben abgebalzt, ihr habt abgebalzt, sie haben abgebalzt, ich hatte abgebalzt, du hattest abgebalzt, er hatte abgebalzt, wir hatten abgebalzt, ihr hattet abgebalzt, sie hatten abgebalzt, ich werde abbalzen, du wirst abbalzen, er wird abbalzen, wir werden abbalzen, ihr werdet abbalzen, sie werden abbalzen, ich werde abgebalzt haben, du wirst abgebalzt haben, er wird abgebalzt haben, wir werden abgebalzt haben, ihr werdet abgebalzt haben, sie werden abgebalzt haben
abbauen, ich bau(e)⁵ ab, du baust ab, er baut ab, wir bau(e)⁵n ab, ihr baut ab, sie bau(e)⁵n ab, ich baute ab, du bautest ab, er baute ab, wir bauten ab, ihr bautet ab, sie bauten ab, ich habe abgebaut, du hast abgebaut, er hat abgebaut, wir haben abgebaut, ihr habt abgebaut, sie haben abgebaut, ich hatte abgebaut, du hattest abgebaut, er hatte abgebaut, wir hatten abgebaut, ihr hattet abgebaut, sie hatten abgebaut, ich werde abbau(e)⁵n, du wirst abbau(e)⁵n, er wird abbau(e)⁵n, wir werden abbau(e)⁵n, ihr werdet abbau(e)⁵n, sie werden abbau(e)⁵n, ich werde abgebaut haben, du wirst abgebaut haben, er wird abgebaut haben, wir werden abgebaut haben, ihr werdet abgebaut haben, sie werden abgebaut haben
abbedingen, ich beding(e)⁵ ab, du bedingst ab, er bedingt ab, wir bedingen ab, ihr bedingt ab, sie bedingen ab, ich bedang ab, du bedangst ab, er bedang ab, wir bedangen ab, ihr bedangt ab, sie bedangen ab, ich habe abbedungen, du hast abbedungen, er hat abbedungen, wir haben abbedungen, ihr habt abbedungen, sie haben abbedungen, ich hatte abbedungen, du hattest abbedungen, er hatte abbedungen, wir hatten abbedungen, ihr hattet abbedungen, sie hatten abbedungen, ich werde abbedingen, du wirst abbedingen, er wird abbedingen, wir werden abbedingen, ihr werdet abbedingen, sie werden abbedingen, ich werde abbedungen haben, du wirst abbedungen haben, er wird abbedungen haben, wir werden abbedungen haben, ihr werdet abbedungen haben, sie werden abbedungen haben
abbeeren, ich beer(e)⁵ ab, du beerst ab, er beert ab, wir beeren ab, ihr beert ab, sie beeren ab, ich beerte ab, du beertest ab, er beerte ab, wir beerten ab, ihr beertet ab, sie beerten ab, ich habe abgebeert, du hast abgebeert, er hat abgebeert, wir haben abgebeert, ihr habt abgebeert, sie haben abgebeert, ich hatte abgebeert, du hattest abgebeert, er hatte abgebeert, wir hatten abgebeert, ihr hattet abgebeert, sie hatten abgebeert, ich werde abbeeren, du wirst abbeeren, er wird abbeeren, wir werden abbeeren, ihr werdet abbeeren, sie werden abbeeren, ich werde abgebeert haben, du wirst abgebeert haben, er wird abgebeert haben, wir werden abgebeert haben, ihr werdet abgebeert haben, sie werden abgebeert haben
abbehalten, ich behalt(e)⁵ ab, du behältst ab, er behält ab, wir behalten ab, ihr behaltet ab, sie behalten ab, ich behielt ab, du behielt(e)⁷st ab, er behielt ab, wir behielten ab, ihr behieltet ab, sie behielten ab, ich habe abbehalten, du hast abbehalten, er hat abbehalten, wir haben abbehalten, ihr habt abbehalten, sie haben abbehalten, ich hatte abbehalten, du hattest abbehalten, er hatte abbehalten, wir hatten abbehalten, ihr hattet abbehalten, sie hatten abbehalten, ich werde abbehalten, du wirst abbehalten, er wird abbehalten, wir werden abbehalten, ihr werdet abbehalten, sie werden abbehalten, ich werde abbehalten haben, du wirst abbehalten haben, er wird abbehalten haben, wir werden abbehalten haben, ihr werdet abbehalten haben, sie werden abbehalten haben
abbeißen, ich beiß(e)⁵ ab, du beißt ab, er beißt ab, wir beißen ab, ihr beißt ab, sie beißen ab, ich biss ab, du biss(es)t ab, er biss ab, wir bissen ab, ihr biss(e)t ab, sie bissen ab, ich habe abgebissen, du hast abgebissen, er hat abgebissen, wir haben abgebissen, ihr habt abgebissen, sie haben abgebissen, ich hatte abgebissen, du hattest abgebissen, er hatte abgebissen, wir hatten abgebissen, ihr hattet abgebissen, sie hatten abgebissen, ich werde abbeißen, du wirst abbeißen, er wird abbeißen, wir werden abbeißen, ihr werdet abbeißen, sie werden abbeißen, ich werde abgebissen haben, du wirst abgebissen haben, er wird abgebissen haben, wir werden abgebissen haben, ihr werdet abgebissen haben, sie werden abgebissen haben
abbeizen, ich beiz(e)⁵ ab, du beizt ab, er beizt ab, wir beizen ab, ihr beizt ab, sie beizen ab, ich beizte ab, du beiztest ab, er beizte ab, wir beizten ab, ihr beiztet ab, sie beizten ab, ich habe abgebeizt, du hast abgebeizt, er hat abgebeizt, wir haben abgebeizt, ihr habt abgebeizt, sie haben abgebeizt, ich hatte abgebeizt, du hattest abgebeizt, er hatte abgebeizt, wir hatten abgebeizt, ihr hattet abgebeizt, sie hatten abgebeizt, ich werde abbeizen, du wirst abbeizen, er wird abbeizen, wir werden abbeizen, ihr werdet abbeizen, sie werden abbeizen, ich werde abgebeizt haben, du wirst abgebeizt haben, er wird abgebeizt haben, wir werden abgebeizt haben, ihr werdet abgebeizt haben, sie werden abgebeizt haben
abbekommen, ich bekomm(e)⁵ ab, du bekommst/bekömmst⁷ ab, er bekommt/bekömmt⁷ ab, wir bekommen ab, ihr bekommt ab, sie bekommen ab, ich bekam ab, du bekamst ab, er bekam ab, wir bekamen ab, ihr bekamt ab, sie bekamen ab, ich habe abbekommen, du hast abbekommen, er hat abbekommen, wir haben abbekommen, ihr habt abbekommen, sie haben abbekommen, ich hatte abbekommen, du hattest abbekommen, er hatte abbekommen, wir hatten abbekommen, ihr hattet abbekommen, sie hatten abbekommen, ich werde abbekommen, du wirst abbekommen, er wird abbekommen, wir werden abbekommen, ihr werdet abbekommen, sie werden abbekommen, ich werde abbekommen haben, du wirst abbekommen haben, er wird abbekommen haben, wir werden abbekommen haben, ihr werdet abbekommen haben, sie werden abbekommen haben
abberufen, ich beruf(e)⁵ ab, du berufst ab, er beruft ab, wir berufen ab, ihr beruft ab, sie berufen ab, ich berief ab, du beriefst ab, er berief ab, wir beriefen ab, ihr berieft ab, sie beriefen ab, ich habe abberufen, du hast abberufen, er hat abberufen, wir haben abberufen, ihr habt abberufen, sie haben abberufen, ich hatte abberufen, du hattest abberufen, er hatte abberufen, wir hatten abberufen, ihr hattet abberufen, sie hatten abberufen, ich werde abberufen, du wirst abberufen, er wird abberufen, wir werden abberufen, ihr werdet abberufen, sie werden abberufen, ich werde abberufen haben, du wirst abberufen haben, er wird abberufen haben, wir werden abberufen haben, ihr werdet abberufen haben, sie werden abberufen haben
abbestellen, ich bestell(e)⁵ ab, du bestellst ab, er bestellt ab, wir bestellen ab, ihr bestellt ab, sie bestellen ab, ich bestellte ab, du bestelltest ab, er bestellte ab, wir bestellten ab, ihr bestelltet ab, sie bestellten ab, ich habe abbestellt, du hast abbestellt, er hat abbestellt, wir haben abbestellt, ihr habt abbestellt, sie haben abbestellt, ich hatte abbestellt, du hattest abbestellt, er hatte abbestellt, wir hatten abbestellt, ihr hattet abbestellt, sie hatten abbestellt, ich werde abbestellen, du wirst abbestellen, er wird abbestellen, wir werden abbestellen, ihr werdet abbestellen, sie werden abbestellen, ich werde abbestellt haben, du wirst abbestellt haben, er wird abbestellt haben, wir werden abbestellt haben, ihr werdet abbestellt haben, sie werden abbestellt haben
abbeten, ich bet(e)⁵ ab, du betest ab, er betet ab, wir beten ab, ihr betet ab, sie beten ab, ich betete ab, du betetest ab, er betete ab, wir beteten ab, ihr betetet ab, sie beteten ab, ich habe abgebetet, du hast abgebetet, er hat abgebetet, wir haben abgebetet, ihr habt abgebetet, sie haben abgebetet, ich hatte abgebetet, du hattest abgebetet, er hatte abgebetet, wir hatten abgebetet, ihr hattet abgebetet, sie hatten abgebetet, ich werde abbeten, du wirst abbeten, er wird abbeten, wir werden abbeten, ihr werdet abbeten, sie werden abbeten, ich werde abgebetet haben, du wirst abgebetet haben, er wird abgebetet haben, wir werden abgebetet haben, ihr werdet abgebetet haben, sie werden abgebetet haben
abbetteln, ich bett(e)l(e)⁵ ab, du bettelst ab, er bettelt ab, wir betteln ab, ihr bettelt ab, sie betteln ab, ich bettelte ab, du betteltest ab, er bettelte ab, wir bettelten ab, ihr betteltet ab, sie bettelten ab, ich habe abgebettelt, du hast abgebettelt, er hat abgebettelt, wir haben abgebettelt, ihr habt abgebettelt, sie haben abgebettelt, ich hatte abgebettelt, du hattest abgebettelt, er hatte abgebettelt, wir hatten abgebettelt, ihr hattet abgebettelt, sie hatten abgebettelt, ich werde abbetteln, du wirst abbetteln, er wird abbetteln, wir werden abbetteln, ihr werdet abbetteln, sie werden abbetteln, ich werde abgebettelt haben, du wirst abgebettelt haben, er wird abgebettelt haben, wir werden abgebettelt haben, ihr werdet abgebettelt haben, sie werden abgebettelt haben
abbeuteln, ich beut(e)l(e)⁵ ab, du beutelst ab, er beutelt ab, wir beuteln ab, ihr beutelt ab, sie beuteln ab, ich beutelte ab, du beuteltest ab, er beutelte ab, wir beutelten ab, ihr beuteltet ab, sie beutelten ab, ich habe abgebeutelt, du hast abgebeutelt, er hat abgebeutelt, wir haben abgebeutelt, ihr habt abgebeutelt, sie haben abgebeutelt, ich hatte abgebeutelt, du hattest abgebeutelt, er hatte abgebeutelt, wir hatten abgebeutelt, ihr hattet abgebeutelt, sie hatten abgebeutelt, ich werde abbeuteln, du wirst abbeuteln, er wird abbeuteln, wir werden abbeuteln, ihr werdet abbeuteln, sie werden abbeuteln, ich werde abgebeutelt haben, du wirst abgebeutelt haben, er wird abgebeutelt haben, wir werden abgebeutelt haben, ihr werdet abgebeutelt haben, sie werden abgebeutelt haben
abbezahlen, ich bezahl(e)⁵ ab, du bezahlst ab, er bezahlt ab, wir bezahlen ab, ihr bezahlt ab, sie bezahlen ab, ich bezahlte ab, du bezahltest ab, er bezahlte ab, wir bezahlten ab, ihr bezahltet ab, sie bezahlten ab, ich habe abbezahlt, du hast abbezahlt, er hat abbezahlt, wir haben abbezahlt, ihr habt abbezahlt, sie haben abbezahlt, ich hatte abbezahlt, du hattest abbezahlt, er hatte abbezahlt, wir hatten abbezahlt, ihr hattet abbezahlt, sie hatten abbezahlt, ich werde abbezahlen, du wirst abbezahlen, er wird abbezahlen, wir werden abbezahlen, ihr werdet abbezahlen, sie werden abbezahlen, ich werde abbezahlt haben, du wirst abbezahlt haben, er wird abbezahlt haben, wir werden abbezahlt haben, ihr werdet abbezahlt haben, sie werden abbezahlt haben
abbiegen, ich bieg(e)⁵ ab, du biegst ab, er biegt ab, wir biegen ab, ihr biegt ab, sie biegen ab, ich bog ab, du bogst ab, er bog ab, wir bogen ab, ihr bogt ab, sie bogen ab, ich bin abgebogen, du bist abgebogen, er ist abgebogen, wir sind abgebogen, ihr seid abgebogen, sie sind abgebogen, ich war abgebogen, du warst abgebogen, er war abgebogen, wir waren abgebogen, ihr wart abgebogen, sie waren abgebogen, ich werde abbiegen, du wirst abbiegen, er wird abbiegen, wir werden abbiegen, ihr werdet abbiegen, sie werden abbiegen, ich werde abgebogen sein, du wirst abgebogen sein, er wird abgebogen sein, wir werden abgebogen sein, ihr werdet abgebogen sein, sie werden abgebogen sein
abbilden, ich bild(e)⁵ ab, du bildest ab, er bildet ab, wir bilden ab, ihr bildet ab, sie bilden ab, ich bildete ab, du bildetest ab, er bildete ab, wir bildeten ab, ihr bildetet ab, sie bildeten ab, ich habe abgebildet, du hast abgebildet, er hat abgebildet, wir haben abgebildet, ihr habt abgebildet, sie haben abgebildet, ich hatte abgebildet, du hattest abgebildet, er hatte abgebildet, wir hatten abgebildet, ihr hattet abgebildet, sie hatten abgebildet, ich werde abbilden, du wirst abbilden, er wird abbilden, wir werden abbilden, ihr werdet abbilden, sie werden abbilden, ich werde abgebildet haben, du wirst abgebildet haben, er wird abgebildet haben, wir werden abgebildet haben, ihr werdet abgebildet haben, sie werden abgebildet haben
abbimsen, ich bims(e)⁵ ab, du bimst ab, er bimst ab, wir bimsen ab, ihr bimst ab, sie bimsen ab, ich bimste ab, du bimstest ab, er bimste ab, wir bimsten ab, ihr bimstet ab, sie bimsten ab, ich habe abgebimst, du hast abgebimst, er hat abgebimst, wir haben abgebimst, ihr habt abgebimst, sie haben abgebimst, ich hatte abgebimst, du hattest abgebimst, er hatte abgebimst, wir hatten abgebimst, ihr hattet abgebimst, sie hatten abgebimst, ich werde abbimsen, du wirst abbimsen, er wird abbimsen, wir werden abbimsen, ihr werdet abbimsen, sie werden abbimsen, ich werde abgebimst haben, du wirst abgebimst haben, er wird abgebimst haben, wir werden abgebimst haben, ihr werdet abgebimst haben, sie werden abgebimst haben
abbinden, ich bind(e)⁵ ab, du bindest ab, er bindet ab, wir binden ab, ihr bindet ab, sie binden ab, ich band ab, du band(e)⁷st ab, er band ab, wir banden ab, ihr bandet ab, sie banden ab, ich habe abgebunden, du hast abgebunden, er hat abgebunden, wir haben abgebunden, ihr habt abgebunden, sie haben abgebunden, ich hatte abgebunden, du hattest abgebunden, er hatte abgebunden, wir hatten abgebunden, ihr hattet abgebunden, sie hatten abgebunden, ich werde abbinden, du wirst abbinden, er wird abbinden, wir werden abbinden, ihr werdet abbinden, sie werden abbinden, ich werde abgebunden haben, du wirst abgebunden haben, er wird abgebunden haben, wir werden abgebunden haben, ihr werdet abgebunden haben, sie werden abgebunden haben
abbitten, ich bitt(e)⁵ ab, du bittest ab, er bittet ab, wir bitten ab, ihr bittet ab, sie bitten ab, ich bat ab, du bat(e)⁷st ab, er bat ab, wir baten ab, ihr batet ab, sie baten ab, ich habe abgebeten, du hast abgebeten, er hat abgebeten, wir haben abgebeten, ihr habt abgebeten, sie haben abgebeten, ich hatte abgebeten, du hattest abgebeten, er hatte abgebeten, wir hatten abgebeten, ihr hattet abgebeten, sie hatten abgebeten, ich werde abbitten, du wirst abbitten, er wird abbitten, wir werden abbitten, ihr werdet abbitten, sie werden abbitten, ich werde abgebeten haben, du wirst abgebeten haben, er wird abgebeten haben, wir werden abgebeten haben, ihr werdet abgebeten haben, sie werden abgebeten haben
abblasen, ich blas(e)⁵ ab, du bläst ab, er bläst ab, wir blasen ab, ihr blast ab, sie blasen ab, ich blies ab, du blies(es)t ab, er blies ab, wir bliesen ab, ihr blies(e)t ab, sie bliesen ab, ich habe abgeblasen, du hast abgeblasen, er hat abgeblasen, wir haben abgeblasen, ihr habt abgeblasen, sie haben abgeblasen, ich hatte abgeblasen, du hattest abgeblasen, er hatte abgeblasen, wir hatten abgeblasen, ihr hattet abgeblasen, sie hatten abgeblasen, ich werde abblasen, du wirst abblasen, er wird abblasen, wir werden abblasen, ihr werdet abblasen, sie werden abblasen, ich werde abgeblasen haben, du wirst abgeblasen haben, er wird abgeblasen haben, wir werden abgeblasen haben, ihr werdet abgeblasen haben, sie werden abgeblasen haben
abblassen, ich blass(e)⁵ ab, du blasst ab, er blasst ab, wir blassen ab, ihr blasst ab, sie blassen ab, ich blasste ab, du blasstest ab, er blasste ab, wir blassten ab, ihr blasstet ab, sie blassten ab, ich bin abgeblasst, du bist abgeblasst, er ist abgeblasst, wir sind abgeblasst, ihr seid abgeblasst, sie sind abgeblasst, ich war abgeblasst, du warst abgeblasst, er war abgeblasst, wir waren abgeblasst, ihr wart abgeblasst, sie waren abgeblasst, ich werde abblassen, du wirst abblassen, er wird abblassen, wir werden abblassen, ihr werdet abblassen, sie werden abblassen, ich werde abgeblasst sein, du wirst abgeblasst sein, er wird abgeblasst sein, wir werden abgeblasst sein, ihr werdet abgeblasst sein, sie werden abgeblasst sein
abblättern, ich blätt(e)⁴r(e)⁵ ab, du blätterst ab, er blättert ab, wir blättern ab, ihr blättert ab, sie blättern ab, ich blätterte ab, du blättertest ab, er blätterte ab, wir blätterten ab, ihr blättertet ab, sie blätterten ab, ich bin abgeblättert, du bist abgeblättert, er ist abgeblättert, wir sind abgeblättert, ihr seid abgeblättert, sie sind abgeblättert, ich war abgeblättert, du warst abgeblättert, er war abgeblättert, wir waren abgeblättert, ihr wart abgeblättert, sie waren abgeblättert, ich werde abblättern, du wirst abblättern, er wird abblättern, wir werden abblättern, ihr werdet abblättern, sie werden abblättern, ich werde abgeblättert sein, du wirst abgeblättert sein, er wird abgeblättert sein, wir werden abgeblättert sein, ihr werdet abgeblättert sein, sie werden abgeblättert sein
abbleiben, ich bleib(e)⁵ ab, du bleibst ab, er bleibt ab, wir bleiben ab, ihr bleibt ab, sie bleiben ab, ich blieb ab, du bliebst ab, er blieb ab, wir blieben ab, ihr bliebt ab, sie blieben ab, ich bin abgeblieben, du bist abgeblieben, er ist abgeblieben, wir sind abgeblieben, ihr seid abgeblieben, sie sind abgeblieben, ich war abgeblieben, du warst abgeblieben, er war abgeblieben, wir waren abgeblieben, ihr wart abgeblieben, sie waren abgeblieben, ich werde abbleiben, du wirst abbleiben, er wird abbleiben, wir werden abbleiben, ihr werdet abbleiben, sie werden abbleiben, ich werde abgeblieben sein, du wirst abgeblieben sein, er wird abgeblieben sein, wir werden abgeblieben sein, ihr werdet abgeblieben sein, sie werden abgeblieben sein
abbleichen, ich bleich(e)⁵ ab, du bleichst ab, er bleicht ab, wir bleichen ab, ihr bleicht ab, sie bleichen ab, ich bleichte ab, du bleichtest ab, er bleichte ab, wir bleichten ab, ihr bleichtet ab, sie bleichten ab, ich bin abgebleicht, du bist abgebleicht, er ist abgebleicht, wir sind abgebleicht, ihr seid abgebleicht, sie sind abgebleicht, ich war abgebleicht, du warst abgebleicht, er war abgebleicht, wir waren abgebleicht, ihr wart abgebleicht, sie waren abgebleicht, ich werde abbleichen, du wirst abbleichen, er wird abbleichen, wir werden abbleichen, ihr werdet abbleichen, sie werden abbleichen, ich werde abgebleicht sein, du wirst abgebleicht sein, er wird abgebleicht sein, wir werden abgebleicht sein, ihr werdet abgebleicht sein, sie werden abgebleicht sein
abblenden, ich blend(e)⁵ ab, du blendest ab, er blendet ab, wir blenden ab, ihr blendet ab, sie blenden ab, ich blendete ab, du blendetest ab, er blendete ab, wir blendeten ab, ihr blendetet ab, sie blendeten ab, ich habe abgeblendet, du hast abgeblendet, er hat abgeblendet, wir haben abgeblendet, ihr habt abgeblendet, sie haben abgeblendet, ich hatte abgeblendet, du hattest abgeblendet, er hatte abgeblendet, wir hatten abgeblendet, ihr hattet abgeblendet, sie hatten abgeblendet, ich werde abblenden, du wirst abblenden, er wird abblenden, wir werden abblenden, ihr werdet abblenden, sie werden abblenden, ich werde abgeblendet haben, du wirst abgeblendet haben, er wird abgeblendet haben, wir werden abgeblendet haben, ihr werdet abgeblendet haben, sie werden abgeblendet haben
abblitzen, ich blitz(e)⁵ ab, du blitzt ab, er blitzt ab, wir blitzen ab, ihr blitzt ab, sie blitzen ab, ich blitzte ab, du blitztest ab, er blitzte ab, wir blitzten ab, ihr blitztet ab, sie blitzten ab, ich bin abgeblitzt, du bist abgeblitzt, er ist abgeblitzt, wir sind abgeblitzt, ihr seid abgeblitzt, sie sind abgeblitzt, ich war abgeblitzt, du warst abgeblitzt, er war abgeblitzt, wir waren abgeblitzt, ihr wart abgeblitzt, sie waren abgeblitzt, ich werde abblitzen, du wirst abblitzen, er wird abblitzen, wir werden abblitzen, ihr werdet abblitzen, sie werden abblitzen, ich werde abgeblitzt sein, du wirst abgeblitzt sein, er wird abgeblitzt sein, wir werden abgeblitzt sein, ihr werdet abgeblitzt sein, sie werden abgeblitzt sein
abblocken, ich block(e)⁵ ab, du blockst ab, er blockt ab, wir blocken ab, ihr blockt ab, sie blocken ab, ich blockte ab, du blocktest ab, er blockte ab, wir blockten ab, ihr blocktet ab, sie blockten ab, ich habe abgeblockt, du hast abgeblockt, er hat abgeblockt, wir haben abgeblockt, ihr habt abgeblockt, sie haben abgeblockt, ich hatte abgeblockt, du hattest abgeblockt, er hatte abgeblockt, wir hatten abgeblockt, ihr hattet abgeblockt, sie hatten abgeblockt, ich werde abblocken, du wirst abblocken, er wird abblocken, wir werden abblocken, ihr werdet abblocken, sie werden abblocken, ich werde abgeblockt haben, du wirst abgeblockt haben, er wird abgeblockt haben, wir werden abgeblockt haben, ihr werdet abgeblockt haben, sie werden abgeblockt haben
abblühen, ich blüh(e)⁵ ab, du blühst ab, er blüht ab, wir blüh(e)⁵n ab, ihr blüht ab, sie blüh(e)⁵n ab, ich blühte ab, du blühtest ab, er blühte ab, wir blühten ab, ihr blühtet ab, sie blühten ab, ich habe abgeblüht, du hast abgeblüht, er hat abgeblüht, wir haben abgeblüht, ihr habt abgeblüht, sie haben abgeblüht, ich hatte abgeblüht, du hattest abgeblüht, er hatte abgeblüht, wir hatten abgeblüht, ihr hattet abgeblüht, sie hatten abgeblüht, ich werde abblüh(e)⁵n, du wirst abblüh(e)⁵n, er wird abblüh(e)⁵n, wir werden abblüh(e)⁵n, ihr werdet abblüh(e)⁵n, sie werden abblüh(e)⁵n, ich werde abgeblüht haben, du wirst abgeblüht haben, er wird abgeblüht haben, wir werden abgeblüht haben, ihr werdet abgeblüht haben, sie werden abgeblüht haben
abböschen, ich bösch(e)⁵ ab, du bösch(s)⁵t ab, er böscht ab, wir böschen ab, ihr böscht ab, sie böschen ab, ich böschte ab, du böschtest ab, er böschte ab, wir böschten ab, ihr böschtet ab, sie böschten ab, ich habe abgeböscht, du hast abgeböscht, er hat abgeböscht, wir haben abgeböscht, ihr habt abgeböscht, sie haben abgeböscht, ich hatte abgeböscht, du hattest abgeböscht, er hatte abgeböscht, wir hatten abgeböscht, ihr hattet abgeböscht, sie hatten abgeböscht, ich werde abböschen, du wirst abböschen, er wird abböschen, wir werden abböschen, ihr werdet abböschen, sie werden abböschen, ich werde abgeböscht haben, du wirst abgeböscht haben, er wird abgeböscht haben, wir werden abgeböscht haben, ihr werdet abgeböscht haben, sie werden abgeböscht haben
abbrauchen, ich brauch(e)⁵ ab, du brauchst ab, er braucht ab, wir brauchen ab, ihr braucht ab, sie brauchen ab, ich brauchte ab, du brauchtest ab, er brauchte ab, wir brauchten ab, ihr brauchtet ab, sie brauchten ab, ich habe abgebraucht, du hast abgebraucht, er hat abgebraucht, wir haben abgebraucht, ihr habt abgebraucht, sie haben abgebraucht, ich hatte abgebraucht, du hattest abgebraucht, er hatte abgebraucht, wir hatten abgebraucht, ihr hattet abgebraucht, sie hatten abgebraucht, ich werde abbrauchen, du wirst abbrauchen, er wird abbrauchen, wir werden abbrauchen, ihr werdet abbrauchen, sie werden abbrauchen, ich werde abgebraucht haben, du wirst abgebraucht haben, er wird abgebraucht haben, wir werden abgebraucht haben, ihr werdet abgebraucht haben, sie werden abgebraucht haben
abbrechen, ich brech(e)⁵ ab, du brichst ab, er bricht ab, wir brechen ab, ihr brecht ab, sie brechen ab, ich brach ab, du brachst ab, er brach ab, wir brachen ab, ihr bracht ab, sie brachen ab, ich bin abgebrochen, du bist abgebrochen, er ist abgebrochen, wir sind abgebrochen, ihr seid abgebrochen, sie sind abgebrochen, ich war abgebrochen, du warst abgebrochen, er war abgebrochen, wir waren abgebrochen, ihr wart abgebrochen, sie waren abgebrochen, ich werde abbrechen, du wirst abbrechen, er wird abbrechen, wir werden abbrechen, ihr werdet abbrechen, sie werden abbrechen, ich werde abgebrochen sein, du wirst abgebrochen sein, er wird abgebrochen sein, wir werden abgebrochen sein, ihr werdet abgebrochen sein, sie werden abgebrochen sein
abbremsen, ich brems(e)⁵ ab, du bremst ab, er bremst ab, wir bremsen ab, ihr bremst ab, sie bremsen ab, ich bremste ab, du bremstest ab, er bremste ab, wir bremsten ab, ihr bremstet ab, sie bremsten ab, ich habe abgebremst, du hast abgebremst, er hat abgebremst, wir haben abgebremst, ihr habt abgebremst, sie haben abgebremst, ich hatte abgebremst, du hattest abgebremst, er hatte abgebremst, wir hatten abgebremst, ihr hattet abgebremst, sie hatten abgebremst, ich werde abbremsen, du wirst abbremsen, er wird abbremsen, wir werden abbremsen, ihr werdet abbremsen, sie werden abbremsen, ich werde abgebremst haben, du wirst abgebremst haben, er wird abgebremst haben, wir werden abgebremst haben, ihr werdet abgebremst haben, sie werden abgebremst haben
abbrennen, ich brenn(e)⁵ ab, du brennst ab, er brennt ab, wir brennen ab, ihr brennt ab, sie brennen ab, ich brannte ab, du branntest ab, er brannte ab, wir brannten ab, ihr branntet ab, sie brannten ab, ich bin abgebrannt, du bist abgebrannt, er ist abgebrannt, wir sind abgebrannt, ihr seid abgebrannt, sie sind abgebrannt, ich war abgebrannt, du warst abgebrannt, er war abgebrannt, wir waren abgebrannt, ihr wart abgebrannt, sie waren abgebrannt, ich werde abbrennen, du wirst abbrennen, er wird abbrennen, wir werden abbrennen, ihr werdet abbrennen, sie werden abbrennen, ich werde abgebrannt sein, du wirst abgebrannt sein, er wird abgebrannt sein, wir werden abgebrannt sein, ihr werdet abgebrannt sein, sie werden abgebrannt sein
abbreviieren, ich abbreviier(e)⁵, du abbreviierst, er abbreviiert, wir abbreviieren, ihr abbreviiert, sie abbreviieren, ich abbreviierte, du abbreviiertest, er abbreviierte, wir abbreviierten, ihr abbreviiertet, sie abbreviierten, ich habe abbreviiert, du hast abbreviiert, er hat abbreviiert, wir haben abbreviiert, ihr habt abbreviiert, sie haben abbreviiert, ich hatte abbreviiert, du hattest abbreviiert, er hatte abbreviiert, wir hatten abbreviiert, ihr hattet abbreviiert, sie hatten abbreviiert, ich werde abbreviieren, du wirst abbreviieren, er wird abbreviieren, wir werden abbreviieren, ihr werdet abbreviieren, sie werden abbreviieren, ich werde abbreviiert haben, du wirst abbreviiert haben, er wird abbreviiert haben, wir werden abbreviiert haben, ihr werdet abbreviiert haben, sie werden abbreviiert haben
abbringen, ich bring(e)⁵ ab, du bringst ab, er bringt ab, wir bringen ab, ihr bringt ab, sie bringen ab, ich brachte ab, du brachtest ab, er brachte ab, wir brachten ab, ihr brachtet ab, sie brachten ab, ich habe abgebracht, du hast abgebracht, er hat abgebracht, wir haben abgebracht, ihr habt abgebracht, sie haben abgebracht, ich hatte abgebracht, du hattest abgebracht, er hatte abgebracht, wir hatten abgebracht, ihr hattet abgebracht, sie hatten abgebracht, ich werde abbringen, du wirst abbringen, er wird abbringen, wir werden abbringen, ihr werdet abbringen, sie werden abbringen, ich werde abgebracht haben, du wirst abgebracht haben, er wird abgebracht haben, wir werden abgebracht haben, ihr werdet abgebracht haben, sie werden abgebracht haben
abbröckeln, ich bröck(e)l(e)⁵ ab, du bröckelst ab, er bröckelt ab, wir bröckeln ab, ihr bröckelt ab, sie bröckeln ab, ich bröckelte ab, du bröckeltest ab, er bröckelte ab, wir bröckelten ab, ihr bröckeltet ab, sie bröckelten ab, ich bin abgebröckelt, du bist abgebröckelt, er ist abgebröckelt, wir sind abgebröckelt, ihr seid abgebröckelt, sie sind abgebröckelt, ich war abgebröckelt, du warst abgebröckelt, er war abgebröckelt, wir waren abgebröckelt, ihr wart abgebröckelt, sie waren abgebröckelt, ich werde abbröckeln, du wirst abbröckeln, er wird abbröckeln, wir werden abbröckeln, ihr werdet abbröckeln, sie werden abbröckeln, ich werde abgebröckelt sein, du wirst abgebröckelt sein, er wird abgebröckelt sein, wir werden abgebröckelt sein, ihr werdet abgebröckelt sein, sie werden abgebröckelt sein
abbrühen, ich brüh(e)⁵ ab, du brühst ab, er brüht ab, wir brüh(e)⁵n ab, ihr brüht ab, sie brüh(e)⁵n ab, ich brühte ab, du brühtest ab, er brühte ab, wir brühten ab, ihr brühtet ab, sie brühten ab, ich habe abgebrüht, du hast abgebrüht, er hat abgebrüht, wir haben abgebrüht, ihr habt abgebrüht, sie haben abgebrüht, ich hatte abgebrüht, du hattest abgebrüht, er hatte abgebrüht, wir hatten abgebrüht, ihr hattet abgebrüht, sie hatten abgebrüht, ich werde abbrüh(e)⁵n, du wirst abbrüh(e)⁵n, er wird abbrüh(e)⁵n, wir werden abbrüh(e)⁵n, ihr werdet abbrüh(e)⁵n, sie werden abbrüh(e)⁵n, ich werde abgebrüht haben, du wirst abgebrüht haben, er wird abgebrüht haben, wir werden abgebrüht haben, ihr werdet abgebrüht haben, sie werden abgebrüht haben
abbuchen, ich buch(e)⁵ ab, du buchst ab, er bucht ab, wir buchen ab, ihr bucht ab, sie buchen ab, ich buchte ab, du buchtest ab, er buchte ab, wir buchten ab, ihr buchtet ab, sie buchten ab, ich habe abgebucht, du hast abgebucht, er hat abgebucht, wir haben abgebucht, ihr habt abgebucht, sie haben abgebucht, ich hatte abgebucht, du hattest abgebucht, er hatte abgebucht, wir hatten abgebucht, ihr hattet abgebucht, sie hatten abgebucht, ich werde abbuchen, du wirst abbuchen, er wird abbuchen, wir werden abbuchen, ihr werdet abbuchen, sie werden abbuchen, ich werde abgebucht haben, du wirst abgebucht haben, er wird abgebucht haben, wir werden abgebucht haben, ihr werdet abgebucht haben, sie werden abgebucht haben
abbummeln, ich bumm(e)l(e)⁵ ab, du bummelst ab, er bummelt ab, wir bummeln ab, ihr bummelt ab, sie bummeln ab, ich bummelte ab, du bummeltest ab, er bummelte ab, wir bummelten ab, ihr bummeltet ab, sie bummelten ab, ich habe abgebummelt, du hast abgebummelt, er hat abgebummelt, wir haben abgebummelt, ihr habt abgebummelt, sie haben abgebummelt, ich hatte abgebummelt, du hattest abgebummelt, er hatte abgebummelt, wir hatten abgebummelt, ihr hattet abgebummelt, sie hatten abgebummelt, ich werde abbummeln, du wirst abbummeln, er wird abbummeln, wir werden abbummeln, ihr werdet abbummeln, sie werden abbummeln, ich werde abgebummelt haben, du wirst abgebummelt haben, er wird abgebummelt haben, wir werden abgebummelt haben, ihr werdet abgebummelt haben, sie werden abgebummelt haben
abbürsten, ich bürst(e)⁵ ab, du bürstest ab, er bürstet ab, wir bürsten ab, ihr bürstet ab, sie bürsten ab, ich bürstete ab, du bürstetest ab, er bürstete ab, wir bürsteten ab, ihr bürstetet ab, sie bürsteten ab, ich habe abgebürstet, du hast abgebürstet, er hat abgebürstet, wir haben abgebürstet, ihr habt abgebürstet, sie haben abgebürstet, ich hatte abgebürstet, du hattest abgebürstet, er hatte abgebürstet, wir hatten abgebürstet, ihr hattet abgebürstet, sie hatten abgebürstet, ich werde abbürsten, du wirst abbürsten, er wird abbürsten, wir werden abbürsten, ihr werdet abbürsten, sie werden abbürsten, ich werde abgebürstet haben, du wirst abgebürstet haben, er wird abgebürstet haben, wir werden abgebürstet haben, ihr werdet abgebürstet haben, sie werden abgebürstet haben
abbusseln, ich buss(e)l(e)⁵ ab, du busselst ab, er busselt ab, wir busseln ab, ihr busselt ab, sie busseln ab, ich busselte ab, du busseltest ab, er busselte ab, wir busselten ab, ihr busseltet ab, sie busselten ab, ich habe abgebusselt, du hast abgebusselt, er hat abgebusselt, wir haben abgebusselt, ihr habt abgebusselt, sie haben abgebusselt, ich hatte abgebusselt, du hattest abgebusselt, er hatte abgebusselt, wir hatten abgebusselt, ihr hattet abgebusselt, sie hatten abgebusselt, ich werde abbusseln, du wirst abbusseln, er wird abbusseln, wir werden abbusseln, ihr werdet abbusseln, sie werden abbusseln, ich werde abgebusselt haben, du wirst abgebusselt haben, er wird abgebusselt haben, wir werden abgebusselt haben, ihr werdet abgebusselt haben, sie werden abgebusselt haben
abbüßen, ich büß(e)⁵ ab, du büßt ab, er büßt ab, wir büßen ab, ihr büßt ab, sie büßen ab, ich büßte ab, du büßtest ab, er büßte ab, wir büßten ab, ihr büßtet ab, sie büßten ab, ich habe abgebüßt, du hast abgebüßt, er hat abgebüßt, wir haben abgebüßt, ihr habt abgebüßt, sie haben abgebüßt, ich hatte abgebüßt, du hattest abgebüßt, er hatte abgebüßt, wir hatten abgebüßt, ihr hattet abgebüßt, sie hatten abgebüßt, ich werde abbüßen, du wirst abbüßen, er wird abbüßen, wir werden abbüßen, ihr werdet abbüßen, sie werden abbüßen, ich werde abgebüßt haben, du wirst abgebüßt haben, er wird abgebüßt haben, wir werden abgebüßt haben, ihr werdet abgebüßt haben, sie werden abgebüßt haben
abcashen, ich cash(e)⁵ ab, du cashst ab, er casht ab, wir cashen ab, ihr casht ab, sie cashen ab, ich cashte ab, du cashtest ab, er cashte ab, wir cashten ab, ihr cashtet ab, sie cashten ab, ich habe abgecasht, du hast abgecasht, er hat abgecasht, wir haben abgecasht, ihr habt abgecasht, sie haben abgecasht, ich hatte abgecasht, du hattest abgecasht, er hatte abgecasht, wir hatten abgecasht, ihr hattet abgecasht, sie hatten abgecasht, ich werde abcashen, du wirst abcashen, er wird abcashen, wir werden abcashen, ihr werdet abcashen, sie werden abcashen, ich werde abgecasht haben, du wirst abgecasht haben, er wird abgecasht haben, wir werden abgecasht haben, ihr werdet abgecasht haben, sie werden abgecasht haben
abchecken, ich check(e)⁵ ab, du checkst ab, er checkt ab, wir checken ab, ihr checkt ab, sie checken ab, ich checkte ab, du checktest ab, er checkte ab, wir checkten ab, ihr checktet ab, sie checkten ab, ich habe abgecheckt, du hast abgecheckt, er hat abgecheckt, wir haben abgecheckt, ihr habt abgecheckt, sie haben abgecheckt, ich hatte abgecheckt, du hattest abgecheckt, er hatte abgecheckt, wir hatten abgecheckt, ihr hattet abgecheckt, sie hatten abgecheckt, ich werde abchecken, du wirst abchecken, er wird abchecken, wir werden abchecken, ihr werdet abchecken, sie werden abchecken, ich werde abgecheckt haben, du wirst abgecheckt haben, er wird abgecheckt haben, wir werden abgecheckt haben, ihr werdet abgecheckt haben, sie werden abgecheckt haben
abdämmen, ich dämm(e)⁵ ab, du dämmst ab, er dämmt ab, wir dämmen ab, ihr dämmt ab, sie dämmen ab, ich dämmte ab, du dämmtest ab, er dämmte ab, wir dämmten ab, ihr dämmtet ab, sie dämmten ab, ich habe abgedämmt, du hast abgedämmt, er hat abgedämmt, wir haben abgedämmt, ihr habt abgedämmt, sie haben abgedämmt, ich hatte abgedämmt, du hattest abgedämmt, er hatte abgedämmt, wir hatten abgedämmt, ihr hattet abgedämmt, sie hatten abgedämmt, ich werde abdämmen, du wirst abdämmen, er wird abdämmen, wir werden abdämmen, ihr werdet abdämmen, sie werden abdämmen, ich werde abgedämmt haben, du wirst abgedämmt haben, er wird abgedämmt haben, wir werden abgedämmt haben, ihr werdet abgedämmt haben, sie werden abgedämmt haben
abernten, ich ernt(e)⁵ ab, du erntest ab, er erntet ab, wir ernten ab, ihr erntet ab, sie ernten ab, ich erntete ab, du erntetest ab, er erntete ab, wir ernteten ab, ihr erntetet ab, sie ernteten ab, ich habe abgeerntet, du hast abgeerntet, er hat abgeerntet, wir haben abgeerntet, ihr habt abgeerntet, sie haben abgeerntet, ich hatte abgeerntet, du hattest abgeerntet, er hatte abgeerntet, wir hatten abgeerntet, ihr hattet abgeerntet, sie hatten abgeerntet, ich werde abernten, du wirst abernten, er wird abernten, wir werden abernten, ihr werdet abernten, sie werden abernten, ich werde abgeerntet haben, du wirst abgeerntet haben, er wird abgeerntet haben, wir werden abgeerntet haben, ihr werdet abgeerntet haben, sie werden abgeerntet haben
aberziehen, ich erzieh(e)⁵ ab, du erziehst ab, er erzieht ab, wir erzieh(e)⁵n ab, ihr erzieht ab, sie erzieh(e)⁵n ab, ich erzog ab, du erzogst ab, er erzog ab, wir erzogen ab, ihr erzogt ab, sie erzogen ab, ich habe aberzogen, du hast aberzogen, er hat aberzogen, wir haben aberzogen, ihr habt aberzogen, sie haben aberzogen, ich hatte aberzogen, du hattest aberzogen, er hatte aberzogen, wir hatten aberzogen, ihr hattet aberzogen, sie hatten aberzogen, ich werde aberzieh(e)⁵n, du wirst aberzieh(e)⁵n, er wird aberzieh(e)⁵n, wir werden aberzieh(e)⁵n, ihr werdet aberzieh(e)⁵n, sie werden aberzieh(e)⁵n, ich werde aberzogen haben, du wirst aberzogen haben, er wird aberzogen haben, wir werden aberzogen haben, ihr werdet aberzogen haben, sie werden aberzogen haben
abfackeln, ich fack(e)l(e)⁵ ab, du fackelst ab, er fackelt ab, wir fackeln ab, ihr fackelt ab, sie fackeln ab, ich fackelte ab, du fackeltest ab, er fackelte ab, wir fackelten ab, ihr fackeltet ab, sie fackelten ab, ich habe abgefackelt, du hast abgefackelt, er hat abgefackelt, wir haben abgefackelt, ihr habt abgefackelt, sie haben abgefackelt, ich hatte abgefackelt, du hattest abgefackelt, er hatte abgefackelt, wir hatten abgefackelt, ihr hattet abgefackelt, sie hatten abgefackelt, ich werde abfackeln, du wirst abfackeln, er wird abfackeln, wir werden abfackeln, ihr werdet abfackeln, sie werden abfackeln, ich werde abgefackelt haben, du wirst abgefackelt haben, er wird abgefackelt haben, wir werden abgefackelt haben, ihr werdet abgefackelt haben, sie werden abgefackelt haben
abfahren, ich fahr(e)⁵ ab, du fährst ab, er fährt ab, wir fahren ab, ihr fahrt ab, sie fahren ab, ich fuhr ab, du fuhrst ab, er fuhr ab, wir fuhren ab, ihr fuhrt ab, sie fuhren ab, ich bin abgefahren, du bist abgefahren, er ist abgefahren, wir sind abgefahren, ihr seid abgefahren, sie sind abgefahren, ich war abgefahren, du warst abgefahren, er war abgefahren, wir waren abgefahren, ihr wart abgefahren, sie waren abgefahren, ich werde abfahren, du wirst abfahren, er wird abfahren, wir werden abfahren, ihr werdet abfahren, sie werden abfahren, ich werde abgefahren sein, du wirst abgefahren sein, er wird abgefahren sein, wir werden abgefahren sein, ihr werdet abgefahren sein, sie werden abgefahren sein
abfallen, ich fall(e)⁵ ab, du fällst ab, er fällt ab, wir fallen ab, ihr fallt ab, sie fallen ab, ich fiel ab, du fielst ab, er fiel ab, wir fielen ab, ihr fielt ab, sie fielen ab, ich bin abgefallen, du bist abgefallen, er ist abgefallen, wir sind abgefallen, ihr seid abgefallen, sie sind abgefallen, ich war abgefallen, du warst abgefallen, er war abgefallen, wir waren abgefallen, ihr wart abgefallen, sie waren abgefallen, ich werde abfallen, du wirst abfallen, er wird abfallen, wir werden abfallen, ihr werdet abfallen, sie werden abfallen, ich werde abgefallen sein, du wirst abgefallen sein, er wird abgefallen sein, wir werden abgefallen sein, ihr werdet abgefallen sein, sie werden abgefallen sein
abfälschen, ich fälsch(e)⁵ ab, du fälsch(s)⁵t ab, er fälscht ab, wir fälschen ab, ihr fälscht ab, sie fälschen ab, ich fälschte ab, du fälschtest ab, er fälschte ab, wir fälschten ab, ihr fälschtet ab, sie fälschten ab, ich habe abgefälscht, du hast abgefälscht, er hat abgefälscht, wir haben abgefälscht, ihr habt abgefälscht, sie haben abgefälscht, ich hatte abgefälscht, du hattest abgefälscht, er hatte abgefälscht, wir hatten abgefälscht, ihr hattet abgefälscht, sie hatten abgefälscht, ich werde abfälschen, du wirst abfälschen, er wird abfälschen, wir werden abfälschen, ihr werdet abfälschen, sie werden abfälschen, ich werde abgefälscht haben, du wirst abgefälscht haben, er wird abgefälscht haben, wir werden abgefälscht haben, ihr werdet abgefälscht haben, sie werden abgefälscht haben
abfangen, ich fang(e)⁵ ab, du fängst ab, er fängt ab, wir fangen ab, ihr fangt ab, sie fangen ab, ich fing ab, du fingst ab, er fing ab, wir fingen ab, ihr fingt ab, sie fingen ab, ich habe abgefangen, du hast abgefangen, er hat abgefangen, wir haben abgefangen, ihr habt abgefangen, sie haben abgefangen, ich hatte abgefangen, du hattest abgefangen, er hatte abgefangen, wir hatten abgefangen, ihr hattet abgefangen, sie hatten abgefangen, ich werde abfangen, du wirst abfangen, er wird abfangen, wir werden abfangen, ihr werdet abfangen, sie werden abfangen, ich werde abgefangen haben, du wirst abgefangen haben, er wird abgefangen haben, wir werden abgefangen haben, ihr werdet abgefangen haben, sie werden abgefangen haben
abfärben, ich färb(e)⁵ ab, du färbst ab, er färbt ab, wir färben ab, ihr färbt ab, sie färben ab, ich färbte ab, du färbtest ab, er färbte ab, wir färbten ab, ihr färbtet ab, sie färbten ab, ich habe abgefärbt, du hast abgefärbt, er hat abgefärbt, wir haben abgefärbt, ihr habt abgefärbt, sie haben abgefärbt, ich hatte abgefärbt, du hattest abgefärbt, er hatte abgefärbt, wir hatten abgefärbt, ihr hattet abgefärbt, sie hatten abgefärbt, ich werde abfärben, du wirst abfärben, er wird abfärben, wir werden abfärben, ihr werdet abfärben, sie werden abfärben, ich werde abgefärbt haben, du wirst abgefärbt haben, er wird abgefärbt haben, wir werden abgefärbt haben, ihr werdet abgefärbt haben, sie werden abgefärbt haben
abfasen, ich fas(e)⁵ ab, du fast ab, er fast ab, wir fasen ab, ihr fast ab, sie fasen ab, ich faste ab, du fastest ab, er faste ab, wir fasten ab, ihr fastet ab, sie fasten ab, ich habe abgefast, du hast abgefast, er hat abgefast, wir haben abgefast, ihr habt abgefast, sie haben abgefast, ich hatte abgefast, du hattest abgefast, er hatte abgefast, wir hatten abgefast, ihr hattet abgefast, sie hatten abgefast, ich werde abfasen, du wirst abfasen, er wird abfasen, wir werden abfasen, ihr werdet abfasen, sie werden abfasen, ich werde abgefast haben, du wirst abgefast haben, er wird abgefast haben, wir werden abgefast haben, ihr werdet abgefast haben, sie werden abgefast haben
abfassen, ich fass(e)⁵ ab, du fasst ab, er fasst ab, wir fassen ab, ihr fasst ab, sie fassen ab, ich fasste ab, du fasstest ab, er fasste ab, wir fassten ab, ihr fasstet ab, sie fassten ab, ich habe abgefasst, du hast abgefasst, er hat abgefasst, wir haben abgefasst, ihr habt abgefasst, sie haben abgefasst, ich hatte abgefasst, du hattest abgefasst, er hatte abgefasst, wir hatten abgefasst, ihr hattet abgefasst, sie hatten abgefasst, ich werde abfassen, du wirst abfassen, er wird abfassen, wir werden abfassen, ihr werdet abfassen, sie werden abfassen, ich werde abgefasst haben, du wirst abgefasst haben, er wird abgefasst haben, wir werden abgefasst haben, ihr werdet abgefasst haben, sie werden abgefasst haben
abfedern, ich fed(e)⁴r(e)⁵ ab, du federst ab, er federt ab, wir federn ab, ihr federt ab, sie federn ab, ich federte ab, du federtest ab, er federte ab, wir federten ab, ihr federtet ab, sie federten ab, ich habe abgefedert, du hast abgefedert, er hat abgefedert, wir haben abgefedert, ihr habt abgefedert, sie haben abgefedert, ich hatte abgefedert, du hattest abgefedert, er hatte abgefedert, wir hatten abgefedert, ihr hattet abgefedert, sie hatten abgefedert, ich werde abfedern, du wirst abfedern, er wird abfedern, wir werden abfedern, ihr werdet abfedern, sie werden abfedern, ich werde abgefedert haben, du wirst abgefedert haben, er wird abgefedert haben, wir werden abgefedert haben, ihr werdet abgefedert haben, sie werden abgefedert haben
abfegen, ich feg(e)⁵ ab, du fegst ab, er fegt ab, wir fegen ab, ihr fegt ab, sie fegen ab, ich fegte ab, du fegtest ab, er fegte ab, wir fegten ab, ihr fegtet ab, sie fegten ab, ich habe abgefegt, du hast abgefegt, er hat abgefegt, wir haben abgefegt, ihr habt abgefegt, sie haben abgefegt, ich hatte abgefegt, du hattest abgefegt, er hatte abgefegt, wir hatten abgefegt, ihr hattet abgefegt, sie hatten abgefegt, ich werde abfegen, du wirst abfegen, er wird abfegen, wir werden abfegen, ihr werdet abfegen, sie werden abfegen, ich werde abgefegt haben, du wirst abgefegt haben, er wird abgefegt haben, wir werden abgefegt haben, ihr werdet abgefegt haben, sie werden abgefegt haben
abfeiern, ich fei(e)r(e)⁵ ab, du feierst ab, er feiert ab, wir feiern ab, ihr feiert ab, sie feiern ab, ich feierte ab, du feiertest ab, er feierte ab, wir feierten ab, ihr feiertet ab, sie feierten ab, ich habe abgefeiert, du hast abgefeiert, er hat abgefeiert, wir haben abgefeiert, ihr habt abgefeiert, sie haben abgefeiert, ich hatte abgefeiert, du hattest abgefeiert, er hatte abgefeiert, wir hatten abgefeiert, ihr hattet abgefeiert, sie hatten abgefeiert, ich werde abfeiern, du wirst abfeiern, er wird abfeiern, wir werden abfeiern, ihr werdet abfeiern, sie werden abfeiern, ich werde abgefeiert haben, du wirst abgefeiert haben, er wird abgefeiert haben, wir werden abgefeiert haben, ihr werdet abgefeiert haben, sie werden abgefeiert haben
abfertigen, ich fertige ab, du fertigst ab, er fertigt ab, wir fertigen ab, ihr fertigt ab, sie fertigen ab, ich fertigte ab, du fertigtest ab, er fertigte ab, wir fertigten ab, ihr fertigtet ab, sie fertigten ab, ich habe abgefertigt, du hast abgefertigt, er hat abgefertigt, wir haben abgefertigt, ihr habt abgefertigt, sie haben abgefertigt, ich hatte abgefertigt, du hattest abgefertigt, er hatte abgefertigt, wir hatten abgefertigt, ihr hattet abgefertigt, sie hatten abgefertigt, ich werde abfertigen, du wirst abfertigen, er wird abfertigen, wir werden abfertigen, ihr werdet abfertigen, sie werden abfertigen, ich werde abgefertigt haben, du wirst abgefertigt haben, er wird abgefertigt haben, wir werden abgefertigt haben, ihr werdet abgefertigt haben, sie werden abgefertigt haben
abfeuern, ich feu(e)r(e)⁵ ab, du feuerst ab, er feuert ab, wir feuern ab, ihr feuert ab, sie feuern ab, ich feuerte ab, du feuertest ab, er feuerte ab, wir feuerten ab, ihr feuertet ab, sie feuerten ab, ich habe abgefeuert, du hast abgefeuert, er hat abgefeuert, wir haben abgefeuert, ihr habt abgefeuert, sie haben abgefeuert, ich hatte abgefeuert, du hattest abgefeuert, er hatte abgefeuert, wir hatten abgefeuert, ihr hattet abgefeuert, sie hatten abgefeuert, ich werde abfeuern, du wirst abfeuern, er wird abfeuern, wir werden abfeuern, ihr werdet abfeuern, sie werden abfeuern, ich werde abgefeuert haben, du wirst abgefeuert haben, er wird abgefeuert haben, wir werden abgefeuert haben, ihr werdet abgefeuert haben, sie werden abgefeuert haben
abfieseln, ich fies(e)l(e)⁵ ab, du fieselst ab, er fieselt ab, wir fieseln ab, ihr fieselt ab, sie fieseln ab, ich fieselte ab, du fieseltest ab, er fieselte ab, wir fieselten ab, ihr fieseltet ab, sie fieselten ab, ich habe abgefieselt, du hast abgefieselt, er hat abgefieselt, wir haben abgefieselt, ihr habt abgefieselt, sie haben abgefieselt, ich hatte abgefieselt, du hattest abgefieselt, er hatte abgefieselt, wir hatten abgefieselt, ihr hattet abgefieselt, sie hatten abgefieselt, ich werde abfieseln, du wirst abfieseln, er wird abfieseln, wir werden abfieseln, ihr werdet abfieseln, sie werden abfieseln, ich werde abgefieselt haben, du wirst abgefieselt haben, er wird abgefieselt haben, wir werden abgefieselt haben, ihr werdet abgefieselt haben, sie werden abgefieselt haben
abfinden, ich find(e)⁵ ab, du findest ab, er findet ab, wir finden ab, ihr findet ab, sie finden ab, ich fand ab, du fand(e)⁷st ab, er fand ab, wir fanden ab, ihr fandet ab, sie fanden ab, ich habe abgefunden, du hast abgefunden, er hat abgefunden, wir haben abgefunden, ihr habt abgefunden, sie haben abgefunden, ich hatte abgefunden, du hattest abgefunden, er hatte abgefunden, wir hatten abgefunden, ihr hattet abgefunden, sie hatten abgefunden, ich werde abfinden, du wirst abfinden, er wird abfinden, wir werden abfinden, ihr werdet abfinden, sie werden abfinden, ich werde abgefunden haben, du wirst abgefunden haben, er wird abgefunden haben, wir werden abgefunden haben, ihr werdet abgefunden haben, sie werden abgefunden haben
abfingern, ich fing(e)⁴r(e)⁵ ab, du fingerst ab, er fingert ab, wir fingern ab, ihr fingert ab, sie fingern ab, ich fingerte ab, du fingertest ab, er fingerte ab, wir fingerten ab, ihr fingertet ab, sie fingerten ab, ich habe abgefingert, du hast abgefingert, er hat abgefingert, wir haben abgefingert, ihr habt abgefingert, sie haben abgefingert, ich hatte abgefingert, du hattest abgefingert, er hatte abgefingert, wir hatten abgefingert, ihr hattet abgefingert, sie hatten abgefingert, ich werde abfingern, du wirst abfingern, er wird abfingern, wir werden abfingern, ihr werdet abfingern, sie werden abfingern, ich werde abgefingert haben, du wirst abgefingert haben, er wird abgefingert haben, wir werden abgefingert haben, ihr werdet abgefingert haben, sie werden abgefingert haben
abfischen, ich fisch(e)⁵ ab, du fisch(s)⁵t ab, er fischt ab, wir fischen ab, ihr fischt ab, sie fischen ab, ich fischte ab, du fischtest ab, er fischte ab, wir fischten ab, ihr fischtet ab, sie fischten ab, ich habe abgefischt, du hast abgefischt, er hat abgefischt, wir haben abgefischt, ihr habt abgefischt, sie haben abgefischt, ich hatte abgefischt, du hattest abgefischt, er hatte abgefischt, wir hatten abgefischt, ihr hattet abgefischt, sie hatten abgefischt, ich werde abfischen, du wirst abfischen, er wird abfischen, wir werden abfischen, ihr werdet abfischen, sie werden abfischen, ich werde abgefischt haben, du wirst abgefischt haben, er wird abgefischt haben, wir werden abgefischt haben, ihr werdet abgefischt haben, sie werden abgefischt haben
abflachen, ich flach(e)⁵ ab, du flachst ab, er flacht ab, wir flachen ab, ihr flacht ab, sie flachen ab, ich flachte ab, du flachtest ab, er flachte ab, wir flachten ab, ihr flachtet ab, sie flachten ab, ich bin abgeflacht, du bist abgeflacht, er ist abgeflacht, wir sind abgeflacht, ihr seid abgeflacht, sie sind abgeflacht, ich war abgeflacht, du warst abgeflacht, er war abgeflacht, wir waren abgeflacht, ihr wart abgeflacht, sie waren abgeflacht, ich werde abflachen, du wirst abflachen, er wird abflachen, wir werden abflachen, ihr werdet abflachen, sie werden abflachen, ich werde abgeflacht sein, du wirst abgeflacht sein, er wird abgeflacht sein, wir werden abgeflacht sein, ihr werdet abgeflacht sein, sie werden abgeflacht sein
abflauen, ich flau(e)⁵ ab, du flaust ab, er flaut ab, wir flau(e)⁵n ab, ihr flaut ab, sie flau(e)⁵n ab, ich flaute ab, du flautest ab, er flaute ab, wir flauten ab, ihr flautet ab, sie flauten ab, ich bin abgeflaut, du bist abgeflaut, er ist abgeflaut, wir sind abgeflaut, ihr seid abgeflaut, sie sind abgeflaut, ich war abgeflaut, du warst abgeflaut, er war abgeflaut, wir waren abgeflaut, ihr wart abgeflaut, sie waren abgeflaut, ich werde abflau(e)⁵n, du wirst abflau(e)⁵n, er wird abflau(e)⁵n, wir werden abflau(e)⁵n, ihr werdet abflau(e)⁵n, sie werden abflau(e)⁵n, ich werde abgeflaut sein, du wirst abgeflaut sein, er wird abgeflaut sein, wir werden abgeflaut sein, ihr werdet abgeflaut sein, sie werden abgeflaut sein
abfliegen, ich flieg(e)⁵ ab, du fliegst ab, er fliegt ab, wir fliegen ab, ihr fliegt ab, sie fliegen ab, ich flog ab, du flogst ab, er flog ab, wir flogen ab, ihr flogt ab, sie flogen ab, ich bin abgeflogen, du bist abgeflogen, er ist abgeflogen, wir sind abgeflogen, ihr seid abgeflogen, sie sind abgeflogen, ich war abgeflogen, du warst abgeflogen, er war abgeflogen, wir waren abgeflogen, ihr wart abgeflogen, sie waren abgeflogen, ich werde abfliegen, du wirst abfliegen, er wird abfliegen, wir werden abfliegen, ihr werdet abfliegen, sie werden abfliegen, ich werde abgeflogen sein, du wirst abgeflogen sein, er wird abgeflogen sein, wir werden abgeflogen sein, ihr werdet abgeflogen sein, sie werden abgeflogen sein
abfließen, ich fließ(e)⁵ ab, du fließt ab, er fließt ab, wir fließen ab, ihr fließt ab, sie fließen ab, ich floss ab, du floss(es)t ab, er floss ab, wir flossen ab, ihr floss(e)t ab, sie flossen ab, ich bin abgeflossen, du bist abgeflossen, er ist abgeflossen, wir sind abgeflossen, ihr seid abgeflossen, sie sind abgeflossen, ich war abgeflossen, du warst abgeflossen, er war abgeflossen, wir waren abgeflossen, ihr wart abgeflossen, sie waren abgeflossen, ich werde abfließen, du wirst abfließen, er wird abfließen, wir werden abfließen, ihr werdet abfließen, sie werden abfließen, ich werde abgeflossen sein, du wirst abgeflossen sein, er wird abgeflossen sein, wir werden abgeflossen sein, ihr werdet abgeflossen sein, sie werden abgeflossen sein
abformen, ich form(e)⁵ ab, du formst ab, er formt ab, wir formen ab, ihr formt ab, sie formen ab, ich formte ab, du formtest ab, er formte ab, wir formten ab, ihr formtet ab, sie formten ab, ich habe abgeformt, du hast abgeformt, er hat abgeformt, wir haben abgeformt, ihr habt abgeformt, sie haben abgeformt, ich hatte abgeformt, du hattest abgeformt, er hatte abgeformt, wir hatten abgeformt, ihr hattet abgeformt, sie hatten abgeformt, ich werde abformen, du wirst abformen, er wird abformen, wir werden abformen, ihr werdet abformen, sie werden abformen, ich werde abgeformt haben, du wirst abgeformt haben, er wird abgeformt haben, wir werden abgeformt haben, ihr werdet abgeformt haben, sie werden abgeformt haben
abfotografieren, ich fotografier(e)⁵ ab, du fotografierst ab, er fotografiert ab, wir fotografieren ab, ihr fotografiert ab, sie fotografieren ab, ich fotografierte ab, du fotografiertest ab, er fotografierte ab, wir fotografierten ab, ihr fotografiertet ab, sie fotografierten ab, ich habe abfotografiert, du hast abfotografiert, er hat abfotografiert, wir haben abfotografiert, ihr habt abfotografiert, sie haben abfotografiert, ich hatte abfotografiert, du hattest abfotografiert, er hatte abfotografiert, wir hatten abfotografiert, ihr hattet abfotografiert, sie hatten abfotografiert, ich werde abfotografieren, du wirst abfotografieren, er wird abfotografieren, wir werden abfotografieren, ihr werdet abfotografieren, sie werden abfotografieren, ich werde abfotografiert haben, du wirst abfotografiert haben, er wird abfotografiert haben, wir werden abfotografiert haben, ihr werdet abfotografiert haben, sie werden abfotografiert haben
